name,url,username,password,note
http://192.168.2.1,http://192.168.2.1/html/home.html,admin,Prab9051,
http://202.140.35.2,http://202.140.35.2/wairport/GMRDH/login.php,9920799133,2796,
account.gigantti.fi,https://account.gigantti.fi/65cbfb31-e319-41c0-beb2-26627b1d5100/B2C_1A_SignUp_Local_NGR_C/api/SelfAsserted/confirmed,,Prab9051,
app.joinsuperset.com,https://app.joinsuperset.com/,prabhu.padayachi@capgemini.com,Temp2022#,
auth.codescan.io,https://auth.codescan.io/login,prabhu.padayachi@valmetpartners.com,Prab9051,
finlandvisa.fi,https://finlandvisa.fi/register,prabhu.padayachi@capgemini.com,prabhupadayachi,
auth.ovaf-prod.visa-esp.finlandvisa.fi,https://auth.ovaf-prod.visa-esp.finlandvisa.fi/login,prabhu.padayachi@capgemini.com,prabhupadayachi,
capgemini.genai.onova.io,https://capgemini.genai.onova.io/signup,prabhu.padayachi@capgemini.com,Prab9051,
capgeminibrandstore.printstop.co.in,https://capgeminibrandstore.printstop.co.in/reset_password.php,,Prab9051#,
wlan-guest.valmet.com,https://wlan-guest.valmet.com/cgi-bin/login,guest-0724109,zxyr9906,
customerportal.test.valmet.com,https://customerportal.test.valmet.com/portal/s/login/,prabhu.padayachi@valmetpartners.com.valmettest,Prab2023,
d7f000001xf1iuaq-dev-ed.my.salesforce.com,https://d7f000001xf1iuaq-dev-ed.my.salesforce.com/,sfdcpc.prabhu.padayachi@capgemini.com,Prab9051,
ebiz.licindia.in,https://ebiz.licindia.in/D2CPM/,9920799133,Prab9051,
enps.kfintech.com,https://enps.kfintech.com/registration/activateuseraccount/,110064639342,Prab2023#,
nps.kfintech.com,https://nps.kfintech.com/login/login/,110064639342,Prab2023#,
enterfinland.fi,https://enterfinland.fi/eServices/account/emailregistration,prabhu.padayachi@capgemini.com,Prab9051,
eportal.incometax.gov.in,https://eportal.incometax.gov.in/iec/foservices/,AJHPP2836K,Raji2019*,
eportal.incometax.gov.in,https://eportal.incometax.gov.in/iec/foservices/,AOWPP6615A,Prab9051#2022,
ess.hgsbs.com,https://ess.hgsbs.com/Login/Login,502982,Prab2025#,
www.concursolutions.com,https://www.concursolutions.com/,prabhu.padayachi@capgemini.com,Prab9051#,
eu1.concursolutions.com,https://eu1.concursolutions.com/nui/signin/pwd,prabhu.padayachi@capgemini.com,Prab9051#,
eu2.concursolutions.com,https://eu2.concursolutions.com/nui/signin/pwd,prabhu.padayachi@capgemini.com,Prab9051#,
funstation.in,https://funstation.in/login,coolprabhu.123@gmail.com,Prab9051,
infinity.icicibank.com,https://infinity.icicibank.com/corp/AuthenticationController;jsessionid=0000dJYIH5IXqXnqo17Crt3U_eR:CR09n38wxk,PRABHU15SEP,Mar23imail#,
login.microsoftonline.com,https://login.microsoftonline.com/common/oauth2/v2.0/authorize,3569.agn@aryagurukul.in,Prab9051,
login.microsoftonline.com,https://login.microsoftonline.com/common/login,prabhu.padayachi@valmetpartners.com,Prabmay2023,
login.live.com,https://login.live.com/login.srf,prabhu15sep@live.in,pralmail21,
login.salesforce.com,https://login.salesforce.com/,sfdcmarelli.it@capgemini.com,Capgemini100!$,
login.salesforce.com,https://login.salesforce.com/,sfdcpc.prabhu.padayachi@capgemini.com,Prab9051,
marelli--uat.my.salesforce.com,https://marelli--uat.my.salesforce.com/,sfdcmarelli.it@capgemini.com.uat,Capgemini2021uat,
marelli.my.salesforce.com,https://marelli.my.salesforce.com/,sfdcmarelli.it@capgemini.com,Capgemini100!$,
www.forenom.com,https://www.forenom.com/login,prabhu.padayachi@capgemini.com,Prab9051,
my.forenom.com,https://my.forenom.com/en/login,prabhu.padayachi@capgemini.com,Prab9051,
myaccount.policybazaar.com,https://myaccount.policybazaar.com/createPassword/,,Prab9051,
nella.tampere.fi,https://nella.tampere.fi/,prabhu15sep,Prab9051,
netbanking.hdfcbank.com,https://netbanking.hdfcbank.com/netbanking/entry,177912821,jan23hmail,
netbanking.hdfcbank.com,https://netbanking.hdfcbank.com/netbanking/entry,1881543,jan23hmail,
netbanking.hdfcbank.com,https://netbanking.hdfcbank.com/netbanking/entry,189945079,dec22hmail,
netbanking.hdfcbank.com,https://netbanking.hdfcbank.com/netbanking/entry,33490443,jun23hmail,
netsafe.hdfcbank.com,https://netsafe.hdfcbank.com/ACSWeb/enrolljsp/HDFCValidate.jsp,33490443,jun23hmail,
piki.finna.fi,https://piki.finna.fi/,837A5902067,2015,
portal.mediassist.in,https://portal.mediassist.in/ResetPassword.aspx,prabhu.padayachi@capgemini.com,Prab2022,
portal1.passportindia.gov.in,https://portal1.passportindia.gov.in/AppOnlineProject/user/userLoginValidateAction,PRABHU15SEP@LIVE.IN,Prab2022,
prepaidcards.axisbank.co.in,https://prepaidcards.axisbank.co.in/AxisPortalWeb/index,4766433010534146,Prab2023#,
prepaidcards.axisbank.co.in,https://prepaidcards.axisbank.co.in/AxisPortalWeb/firstlogin,4766XXXXXXXX4146,Prab2023#,
retail.sc.com,https://retail.sc.com/in/nfs/login.htm,prabhu15sep,Jun21smail#,
row5.vfsglobal.com,https://row5.vfsglobal.com/GlobalAppointment/Account/RegisterUser,prabhu.padayachi@capgemini.com,Prab9051#,
services.vfsglobal.com,https://services.vfsglobal.com/ind/en/frp/login,prabhu.padayachi@capgemini.com,Prab9051#,
visa.vfsglobal.com,https://visa.vfsglobal.com/ind/en/frp/register,prabhu.padayachi@capgemini.com,Prab9051#,
servicemax.litmos.com,https://servicemax.litmos.com/account/Welcome,Padayachi,Prab2022#,
servicemax.litmos.com,https://servicemax.litmos.com/account/Login,prabhu.padayachi@capgemini.com,Prab2022#,
signincert.capgemini.com,https://signincert.capgemini.com/idp/CPgmJ/resumeSAML20/idp/startSSO.ping,ppadayac,Tempjan22,
success.copado.com,https://success.copado.com/Login,prabhu.padayachi@capgemini.com,Prab112022,
tnreginet.gov.in,https://tnreginet.gov.in/portal/index.jsp,prabhu15sep,Prabhu9051@,
transatplan.banquetransatlantique.com,https://transatplan.banquetransatlantique.com/en/identification/authentification.html,709329CY,Prab9051,
twitter.com,https://twitter.com/i/flow/login,prabhu0915@gmail.com,pratmail10,
valmet--fslrehears.sandbox.my.salesforce.com,https://valmet--fslrehears.sandbox.my.salesforce.com/_ui/system/security/ChangePassword,prabhu.padayachi@valmetpartners.com,Prab2023,
valmet--fslrehears.sandbox.my.salesforce.com,https://valmet--fslrehears.sandbox.my.salesforce.com/_ui/system/security/ChangePassword,prabhu.padayachi@valmetpartners.com.fslrehears.,Prab1984,
valmet--valmetdev6.sandbox.my.salesforce.com,https://valmet--valmetdev6.sandbox.my.salesforce.com/_ui/system/security/ChangePassword,prabhu.padayachi@valmetpartners.com.valmetdev7,Prab112022,
valmet--valmetdev7.sandbox.my.salesforce.com,https://valmet--valmetdev7.sandbox.my.salesforce.com/,prabhu.padayachi@valmetpartners.com.valmetdev7,Prab112022,
valmet--valmettest.sandbox.my.salesforce.com,https://valmet--valmettest.sandbox.my.salesforce.com/,prabhu.padayachi@valmetpartners.com.valmettest,Prabjun22,
valmet--valmetdev6.my.salesforce.com,https://valmet--valmetdev6.my.salesforce.com/,prabhu.padayachi@valmetpartners.com.valmetdev6,prab2022,
valmet--valmetdev7.my.salesforce.com,https://valmet--valmetdev7.my.salesforce.com/,prabhu.padayachi@valmetpartners.com.valmetdev7,Prab112022,
valmet--valmettest.my.salesforce.com,https://valmet--valmettest.my.salesforce.com/,prabhu.padayachi@valmetpartners.com.valmettest,Prabjun22,
valmet.my.salesforce.com,https://valmet.my.salesforce.com/,prabhu.padayachi@valmetpartners.com,Prab2023,
valmettest-valmet.cs110.force.com,https://valmettest-valmet.cs110.force.com/supplierportal/SP_Login,prabhu.padayachi@valmetpartners.com.valmettest,Prab2023,
web.umang.gov.in,https://web.umang.gov.in/web_new/login,9920799133,4891,
wlan-guest.neles.com,https://wlan-guest.neles.com/cgi-bin/login,guest-2830117,nckj1546,
wss.mahadiscom.in,https://wss.mahadiscom.in/wss/wss_login.aspx,prabhu15sep,Prab2023#,
www.amazon.com,https://www.amazon.com/ap/signin,9920799133,Prab9051,
www.citibank.co.in,https://www.citibank.co.in/ibank/login/IQPin1.jsp,PRABHU15SEP,jun20cmail,
www.hoplop.fi,https://www.hoplop.fi/en/playtimebooking,prabhu0915@gmail.com,Prab9051,
www.iobnet.co.in,https://www.iobnet.co.in/ibanking/login.do,1961jaya,Jan23imail#,
www.irctc.co.in,https://www.irctc.co.in/nget/train-search,chinprabhu,Prab9051,
www.netflix.com,https://www.netflix.com/in/login,nidhi567.ns@gmail.com,Internet@123,
www.newindia.co.in,https://www.newindia.co.in/portal/login/customer,prabhu15sep@live.in,Prab2023#,
www.njindiaonline.in,https://www.njindiaonline.in/cdesk/login.fin,UCC30042,Prab9051,
www.onnibus.com,https://www.onnibus.com/home,prabhu.padayachi@capgemini.com,Prab9051#,
www.ors.amundi-ee.com,https://www.ors.amundi-ee.com/a/cp/capgemini2022,502982,Prab9051,
www.sbicard.com,https://www.sbicard.com/creditcards/app/user/expirepassword-page,,163643,
www.sihub.in,https://www.sihub.in/managesi/hdfcbank,prabhu15se@live.in,Prab9051#1,
www.sihub.in,https://www.sihub.in/managesi/hdfcbank,prabhu15sep@live.in,Prab9051#1,
www.telia.fi,https://www.telia.fi/kauppa/liittymat/prepaid/lataa,0402436524,4891,
www.tnebnet.org,https://www.tnebnet.org/awp/login,prabhu15sep,Prab9051,
www.udemy.com,https://www.udemy.com/join/login-popup/,prabhu15sep@live.in,Prab9051,
www.verkkokauppa.com,https://www.verkkokauppa.com/fi/account/login/email,prabhu0915@gmail.com,Prab9051,
www.vr.fi,https://www.vr.fi/en/single-ticket-purchase-summary,prabhu.padayachi@capgemini.com,Prab9051,
